{
  "posts": [
    {
      "id": 1,
      "title": "json-server",
      "author": "typicode"
    }
  ],
  "comments": [
    {
      "id": 1,
      "body": "some comment",
      "postId": 1
    }
  ],
  "products": [
    {
      "id": 1,
      "productname": "mobilephone",
      "price": 50000,
      "quantity": 7
    },
    {
      "id": 3,
      "productname": "tv",
      "price": 50000,
      "quantity": 3
    },
    {
      "id": 4,
      "productname": "speakers",
      "price": "500",
      "quantity": 5
    }
  ]
}